	radius_mean	texture_mean	perimeter_mean	area_mean	smoothness_mean	compactness_mean	concavity_mean	concave points_mean	symmetry_mean	fractal_dimension_mean	radius_se	texture_se	perimeter_se	area_se	smoothness_se	compactness_se	concavity_se	concave points_se	symmetry_se	fractal_dimension_se	radius_worst	texture_worst	perimeter_worst	area_worst	smoothness_worst	compactness_worst	concavity_worst	concave points_worst	symmetry_worst	fractal_dimension_worst	fitness
0	0	1	0	0	1	0	1	0	1	0	1	0	1	1	0	0	0	1	0	1	1	1	0	0	0	0	1	1	0	0	0.8748569962806209
1	1	0	0	0	0	0	1	0	1	0	1	0	0	1	1	1	0	0	1	1	0	1	0	1	1	0	0	0	0	0	0.874351673720662
2	0	0	0	0	0	0	1	0	1	1	1	0	0	1	1	1	1	0	1	1	0	1	0	1	1	0	0	0	0	0	0.8782736950109016
3	0	0	0	0	0	0	0	0	1	1	1	0	0	0	1	1	1	0	1	1	0	1	0	1	1	0	0	0	0	0	0.8776324227266898
4	1	1	0	0	0	0	1	0	1	1	1	0	0	0	1	1	1	0	1	1	0	1	0	1	1	0	0	0	0	0	0.8698678979094524
5	0	0	0	0	0	0	1	0	1	0	1	0	0	0	1	1	1	0	1	1	0	1	0	1	1	0	0	0	0	0	0.8775708605874054
6	1	0	0	0	0	0	0	1	1	1	1	0	0	0	1	1	1	1	1	1	0	1	0	1	1	0	0	0	0	0	0.8662972938309605
7	0	0	0	0	0	0	1	1	0	1	1	0	0	0	1	1	1	1	1	1	0	1	0	1	1	0	0	0	0	0	0.8711940489932026
8	0	0	0	0	0	0	1	1	0	1	1	0	0	0	0	1	1	1	1	1	0	1	0	1	1	0	0	0	0	0	0.8779530588687956
9	0	0	0	0	0	0	0	1	0	1	1	0	0	0	1	1	0	1	1	1	0	1	0	1	1	0	0	0	0	0	0.8828498140310376
10	0	0	0	0	0	0	0	1	0	1	1	0	0	0	1	1	0	0	1	1	0	1	0	1	1	0	0	0	0	0	0.8929639604976273
11	0	0	0	0	0	0	0	1	0	1	1	0	0	0	1	1	0	1	1	1	0	1	0	1	0	0	0	0	0	0	0.8859766576888546
12	0	1	0	0	0	0	0	1	0	1	1	0	0	0	1	1	0	1	1	1	0	1	0	1	0	0	0	0	0	0	0.8862972938309608
13	0	0	0	0	0	0	0	1	0	1	1	0	0	0	1	1	0	1	1	1	0	1	0	1	0	0	0	0	0	0	0.886038219828139
14	0	1	0	0	0	0	0	1	0	1	1	0	0	0	1	1	0	1	1	1	0	1	0	1	0	0	0	0	0	0	0.8794946774400411
15	0	1	0	0	0	0	0	1	0	1	1	0	0	0	1	1	0	0	1	1	0	1	0	1	0	0	0	0	0	0	0.8930563037065538
16	0	1	0	0	0	0	0	1	0	1	1	0	0	0	0	1	0	1	0	1	0	1	0	1	0	0	0	0	0	0	0.9032320123124277
17	0	1	0	0	0	1	0	1	0	0	0	0	0	0	1	0	0	1	1	1	0	1	0	1	0	0	0	0	0	0	0.8979838399384378
18	0	1	0	0	0	0	0	1	0	1	1	0	0	0	1	0	0	0	1	1	0	1	1	1	0	0	0	0	0	0	0.9000436065153264
19	0	0	0	0	0	0	0	1	0	1	1	0	0	0	1	0	0	0	1	1	0	1	1	1	0	0	0	0	0	0	0.8963062716429395
20	0	1	0	1	0	1	0	1	0	0	0	0	0	1	1	0	0	1	1	1	0	1	0	1	0	0	0	0	0	0	0.8898063357701681
21	1	1	0	0	0	0	0	1	0	1	1	0	0	0	1	0	0	0	1	1	0	1	1	1	0	0	0	0	0	0	0.8863896370398872
22	1	0	0	0	0	0	0	1	0	1	1	0	0	0	1	0	0	0	1	1	0	1	1	1	0	0	0	1	0	1	0.8796921893035783
23	1	0	0	0	0	0	0	1	0	1	0	0	0	0	1	0	0	0	1	1	0	1	1	1	0	0	0	1	0	1	0.8845889444658203
24	1	0	0	0	1	0	0	1	0	0	1	0	1	0	1	0	0	0	1	1	0	1	1	1	0	0	0	0	0	0	0.8917301526228036
25	1	0	0	0	1	0	0	0	0	1	0	0	0	0	1	0	0	0	1	1	0	1	1	1	0	0	0	0	0	0	0.8926433243555214
26	1	0	0	0	1	0	1	0	0	1	0	0	0	0	1	0	0	0	1	1	0	1	1	1	0	0	0	0	0	0	0.891255611132487
27	1	1	0	0	1	0	1	0	0	1	0	0	0	0	1	0	0	0	1	1	0	1	1	1	0	0	0	0	0	0	0.8950852892138003
28	1	1	0	1	0	0	0	0	0	1	0	0	0	0	1	0	0	0	1	1	0	0	1	1	0	0	0	0	0	0	0.8804078491727588
29	0	1	0	1	0	0	0	0	0	1	0	0	0	0	1	0	0	0	1	1	0	0	1	1	0	0	0	0	0	0	0.8923226882134153
30	1	1	0	1	0	0	0	0	0	1	0	0	0	0	0	0	0	0	1	0	0	0	1	1	0	0	0	0	0	0	0.8990509170193663
31	0	1	0	1	1	0	0	0	0	1	0	0	0	0	0	0	0	0	1	0	0	0	1	1	0	0	0	0	0	0	0.8936796203668078
32	0	0	0	0	0	0	1	0	0	1	0	0	0	0	1	0	0	0	1	1	0	0	1	1	0	0	0	0	0	0	0.8884314479928177
33	0	0	0	0	0	0	1	0	0	1	0	0	0	0	1	0	0	0	0	1	0	0	1	1	0	0	0	0	0	0	0.8897883801462101
34	0	1	0	1	0	0	0	1	0	1	0	0	0	0	1	0	0	0	1	1	0	0	1	1	0	0	0	0	0	0	0.8961831473643709
35	0	0	0	1	0	1	1	0	0	0	0	0	0	0	1	0	0	0	1	1	0	0	1	1	0	0	0	0	0	0	0.8940925997178402
36	0	1	0	1	1	0	0	1	0	0	0	0	0	0	1	0	0	0	1	1	0	0	1	1	0	0	0	0	0	0	0.8980146210080799
37	0	1	0	0	1	0	0	1	0	0	0	0	0	0	1	0	0	0	1	1	0	0	1	1	0	0	0	0	0	0	0.8957393869436963
38	0	1	0	0	0	0	0	0	1	1	0	0	1	0	1	0	0	0	0	0	0	0	1	1	0	0	0	0	0	0	0.8954803129408747
39	1	1	0	0	0	0	0	0	1	1	0	0	1	0	1	0	0	0	1	0	0	0	1	1	0	0	0	0	0	0	0.8838861100423239
40	0	1	0	0	0	0	0	1	1	1	0	0	1	1	1	0	0	0	0	0	0	0	1	1	0	0	0	0	0	0	0.8927048864948056
41	0	1	0	0	0	0	0	1	1	1	0	0	1	0	1	0	0	0	0	0	0	0	1	1	0	0	0	0	0	0	0.8993407720918302
42	0	1	0	0	0	0	0	1	0	1	0	0	0	1	1	0	0	0	0	0	0	0	1	1	0	0	0	0	0	0	0.9024983968192895
43	0	1	0	0	0	1	0	1	1	0	0	0	1	0	1	0	0	0	0	0	0	0	1	1	0	0	0	0	0	0	0.8976016416570475
44	0	1	0	0	0	0	0	1	0	0	0	0	0	1	1	1	0	0	0	0	0	0	1	1	0	0	0	0	0	0	0.902590740028216
45	0	1	0	0	0	0	0	1	0	1	0	0	0	1	1	1	0	0	0	0	0	0	1	1	0	0	0	0	0	0	0.8976016416570475
46	0	1	0	0	0	0	0	1	0	0	0	0	0	1	1	1	0	0	0	0	0	0	1	1	0	0	0	0	0	0	0.9025599589585739
47	0	1	0	0	0	0	0	1	0	0	0	0	0	0	1	1	0	0	0	0	0	0	1	1	0	0	0	0	0	0	0.9056560215467486
48	0	1	0	0	0	0	0	0	0	0	0	0	0	1	1	1	0	0	0	0	1	0	1	1	0	0	0	0	0	0	0.8850147492625369
49	1	1	0	1	1	0	1	0	1	0	0	0	1	0	1	0	0	0	0	0	1	0	0	1	0	0	0	0	0	0	0.8913479543414133
50	0	1	0	1	1	0	1	0	1	0	1	0	1	0	1	0	0	0	0	0	1	0	0	1	0	0	0	0	0	0	0.8982736950109016
51	0	1	1	0	0	0	0	0	0	0	0	0	0	1	1	1	0	0	0	0	1	0	1	0	0	0	0	0	0	0	0.8937719635757344
52	0	1	1	1	0	0	0	0	0	0	0	0	0	1	1	1	0	0	0	0	1	0	1	0	0	0	0	0	0	0	0.8923842503526999
53	0	0	1	1	0	0	0	0	0	0	0	0	0	1	1	1	0	0	0	0	1	0	1	0	0	0	0	0	0	0	0.8885545722713863
54	0	0	0	1	0	0	0	0	0	0	0	0	0	1	1	1	0	0	0	0	1	0	1	0	0	0	0	0	0	0	0.893389765294344
55	1	0	0	1	0	0	0	0	0	0	0	0	0	1	1	1	0	0	0	0	1	0	1	0	0	0	0	0	0	0	0.8990816980890086
56	0	1	1	1	0	0	0	1	0	0	0	0	0	1	1	1	0	0	0	0	1	0	1	0	0	0	0	0	0	0	0.8927048864948056
57	0	0	0	1	0	0	0	0	0	0	0	0	0	1	1	1	0	0	0	0	1	0	1	0	0	0	0	0	0	0	0.8899115044247787
58	0	1	1	0	0	0	0	1	0	0	0	0	0	1	1	1	0	0	0	0	1	0	1	0	0	1	0	0	0	0	0.8979838399384378
59	0	0	0	1	0	0	0	1	0	0	0	0	0	1	1	1	1	0	0	0	1	0	1	0	0	0	0	0	0	0	0.8958009490829806
60	0	0	0	0	0	0	0	1	0	0	0	0	0	1	1	1	1	0	0	0	1	0	1	0	0	0	0	0	0	0	0.8937719635757344
61	0	0	1	0	0	0	0	1	0	0	0	0	0	1	1	1	1	0	0	0	1	0	1	0	0	0	0	0	0	0	0.8906759009875592
62	0	0	0	0	1	0	1	1	0	0	0	0	0	1	1	1	1	0	0	0	1	0	1	0	0	0	0	0	0	0	0.8908734128510966
63	0	1	0	0	1	0	0	1	0	0	0	0	0	1	0	1	1	0	0	0	1	0	1	0	0	0	0	0	0	0	0.8976324227266899
64	0	1	0	0	1	0	0	1	1	0	0	0	0	1	0	1	1	0	0	0	1	0	1	0	0	0	0	0	0	0	0.8943824547903039
65	0	1	0	1	0	0	0	0	1	1	0	1	0	0	1	1	0	0	0	0	1	0	1	0	1	0	0	0	0	0	0.8895164806977043
66	0	1	0	1	0	0	0	0	0	0	0	0	0	1	1	1	0	0	0	0	1	0	1	0	0	0	0	0	0	0	0.8919712710016674
67	0	1	0	1	1	0	0	0	0	0	0	0	0	1	1	0	1	0	0	0	1	0	1	0	0	0	0	0	0	0	0.8976324227266896
68	0	1	0	1	0	0	0	0	1	0	0	0	0	1	1	1	0	0	0	0	1	0	0	0	0	0	0	0	0	0	0.8937411825060922
69	0	0	0	0	1	1	0	1	0	0	0	0	0	1	1	1	0	0	0	0	1	0	1	0	0	0	0	0	0	0	0.8922919071437733
70	0	0	0	1	0	0	0	0	0	0	0	0	0	1	1	1	0	0	0	0	1	0	0	0	0	0	0	0	0	0	0.8966397332307298
71	0	0	0	1	1	0	0	0	0	0	0	0	0	1	1	1	0	0	0	0	1	0	0	0	0	0	0	0	0	0	0.8987302808772604
72	0	1	0	0	1	1	0	1	0	0	0	0	0	1	1	0	0	0	0	0	0	0	1	0	0	0	0	0	0	0	0.8937411825060922
73	1	1	0	0	1	1	0	1	0	0	0	0	0	1	1	0	0	0	0	0	0	0	1	0	0	0	0	0	0	0	0.8993099910221881
74	0	1	0	1	1	1	0	1	0	0	0	0	0	1	1	0	0	0	0	0	0	0	1	0	0	0	0	0	0	0	0.8958009490829806
75	0	1	0	1	1	1	0	0	0	0	0	0	0	1	0	0	0	0	0	0	1	0	1	0	1	0	0	0	0	0	0.8994331153007568
76	0	1	0	0	1	1	0	1	0	0	0	0	0	1	1	0	0	0	0	0	0	0	1	0	0	0	0	0	0	0	0.8919404899320252
77	0	1	0	1	1	0	0	0	0	0	0	0	1	1	0	0	0	0	0	0	1	0	1	0	0	0	0	1	0	0	0.89934077209183
78	0	1	0	1	1	0	0	0	0	0	0	0	1	1	0	0	0	0	0	0	0	0	1	0	0	0	0	1	0	0	0.9077773502629216
79	0	1	0	1	1	0	0	1	0	0	0	0	0	1	0	0	0	0	0	0	0	0	1	0	0	0	0	1	0	0	0.9042990893933566
80	0	1	0	1	1	0	0	1	0	0	0	0	0	0	0	0	0	0	0	0	0	0	1	0	0	0	0	1	0	0	0.9144440169295882
81	0	1	0	1	1	0	0	0	0	0	0	0	0	1	0	0	0	0	0	0	1	0	1	0	0	0	0	1	0	0	0.9060690008977812
82	0	1	0	1	1	0	0	0	0	0	0	0	0	1	0	0	0	0	0	0	1	0	1	0	0	0	0	0	0	0	0.9058099268949595
83	0	0	0	1	1	0	0	0	0	0	0	0	0	1	0	0	0	0	0	0	1	1	1	0	0	0	0	1	0	0	0.9129947415672695
84	0	1	0	0	1	0	0	0	0	0	0	0	0	1	0	1	0	0	0	0	1	1	1	0	0	0	0	1	0	0	0.915054508144158
85	0	0	0	1	1	0	1	0	0	0	0	0	0	1	0	0	0	0	0	0	1	0	1	0	0	0	0	1	0	0	0.9042683083237142
86	1	0	0	0	1	0	1	0	0	0	0	0	0	1	0	0	0	0	0	0	1	1	1	0	0	0	0	1	0	0	0.906358855970245
87	1	0	0	0	1	0	1	0	0	0	0	0	0	1	0	0	0	0	0	0	0	1	1	0	0	0	0	1	0	0	0.9094241374887778
88	1	0	0	0	1	0	1	0	0	1	0	0	0	1	0	0	0	0	0	0	0	1	1	0	0	0	0	1	0	0	0.9063896370398872
89	1	0	0	0	1	0	1	0	0	0	0	1	0	0	0	0	0	0	0	0	0	1	1	0	0	0	0	1	0	0	0.9042683083237142
90	1	0	0	0	1	0	1	0	0	0	0	1	0	0	0	0	0	0	0	0	0	1	1	0	0	0	0	1	0	0	0.9183044760805438
91	1	0	0	0	1	0	0	0	0	0	0	1	0	0	0	0	0	0	0	0	0	1	1	0	0	0	0	1	0	0	0.9161831473643709
92	0	0	0	0	1	0	0	0	0	0	0	1	0	0	0	0	0	0	0	0	0	1	1	0	0	0	0	1	0	0	0.9157701680133384
93	0	0	0	0	0	0	0	1	0	0	0	1	0	0	0	0	0	0	0	0	0	1	1	0	0	0	0	1	0	0	0.9157701680133384
94	0	0	0	0	0	0	0	0	0	0	0	1	0	0	0	0	0	0	0	0	0	1	1	0	0	0	0	1	0	0	0.917157881236373
95	0	0	0	0	0	0	0	0	0	0	1	1	0	0	0	0	0	0	0	0	0	1	1	0	0	0	0	1	0	0	0.9227574708221111
96	0	1	0	0	0	0	0	0	0	0	0	1	1	0	0	0	0	0	0	0	0	1	1	0	0	0	0	1	0	0	0.9090727202770296
97	0	1	0	0	0	0	0	0	0	0	1	1	1	0	0	0	0	0	0	0	0	1	1	0	0	0	0	1	0	0	0.9095164806977043
98	0	0	0	0	0	0	0	0	0	0	0	0	1	0	0	0	0	0	0	0	0	1	1	0	0	0	0	1	0	0	0.9171886623060153
99	0	0	0	0	0	0	0	0	0	0	0	0	1	1	0	0	0	0	0	0	0	1	1	0	0	0	0	1	0	0	0.9245581633961781
100	0	0	0	1	0	0	0	0	0	1	0	0	1	0	0	0	0	0	0	0	0	1	1	0	0	0	0	1	0	0	0.9160908041554444
101	0	0	0	0	0	0	1	0	0	1	0	0	0	0	0	0	0	0	0	0	0	1	1	0	0	0	0	1	0	0	0.9174477363088368
102	1	0	0	0	0	0	1	0	0	1	0	0	1	0	0	0	0	0	0	0	0	1	1	0	0	0	0	1	0	0	0.911255611132487
103	0	1	0	0	0	0	1	0	0	1	0	0	1	0	0	0	0	0	0	0	1	1	1	0	0	0	0	1	0	0	0.9098371168398101
104	1	0	0	0	0	0	1	0	0	1	0	0	1	0	0	0	0	0	0	0	0	1	1	0	0	0	0	1	0	0	0.9094241374887778
105	1	0	0	0	0	0	0	0	0	1	0	0	1	0	0	0	0	0	0	0	0	1	1	0	0	0	0	1	0	0	0.9108734128510966
106	1	0	0	0	0	0	0	0	0	1	0	0	1	0	0	0	0	0	0	0	0	1	1	0	0	1	0	1	0	0	0.911255611132487
107	1	0	0	1	0	0	1	0	0	1	0	0	1	0	0	0	0	0	0	0	0	1	1	0	0	0	0	1	0	0	0.9045581633961779
108	0	1	0	0	0	0	1	0	0	1	0	0	1	0	0	0	0	0	0	0	0	1	1	0	0	0	0	1	0	0	0.9077157881236373
109	0	0	0	1	0	0	0	0	0	1	0	0	1	0	0	0	0	0	0	0	0	1	1	0	0	0	0	1	0	0	0.9143516737206616
110	0	0	0	0	0	0	0	0	0	1	0	0	1	0	0	0	0	0	0	0	0	1	1	0	0	0	0	1	0	0	0.9157701680133384
111	0	0	0	1	1	0	0	0	0	1	0	0	0	0	0	0	0	0	0	0	0	1	1	0	0	0	0	1	0	0	0.9231396691035014
112	0	0	0	1	1	0	0	0	0	1	0	0	0	0	0	0	0	0	0	0	0	1	1	0	0	0	0	1	0	0	0.9213697575990766
113	0	1	0	1	1	0	0	0	0	1	0	0	0	0	0	0	0	0	0	0	0	1	1	0	0	0	0	1	0	0	0.9164730024368346
114	0	0	0	1	0	0	0	0	0	0	0	0	1	0	0	0	0	0	0	0	0	1	1	0	0	0	0	1	0	0	0.9245889444658203
115	1	0	0	1	0	0	0	0	0	0	0	0	1	0	0	0	0	0	0	0	0	1	1	0	0	0	0	1	0	0	0.9160908041554443
116	0	0	0	0	0	0	0	0	0	0	0	0	1	0	0	0	0	0	0	0	0	1	1	1	0	0	0	1	0	0	0.9245581633961779
117	0	0	0	0	0	0	0	0	0	0	0	0	1	0	0	0	0	0	0	0	0	1	1	0	0	0	0	1	0	0	0.9207284853148647
118	0	0	0	0	0	0	0	0	0	0	0	0	1	0	0	0	1	0	0	0	0	1	1	1	0	0	0	1	0	0	0.9179222777991536
119	0	0	0	0	0	0	0	1	0	0	0	0	1	0	0	0	0	0	0	0	0	1	1	0	1	0	0	1	0	0	0.9179530588687956
120	0	0	0	0	0	0	0	1	0	1	1	0	0	0	0	0	0	0	0	0	0	1	1	0	0	0	0	1	0	0	0.9091342824163139
121	0	0	0	0	0	0	1	1	0	1	1	0	0	0	0	0	0	0	0	0	0	1	1	0	0	0	0	1	0	0	0.9129947415672695
122	0	0	0	0	0	0	0	1	0	0	0	0	0	0	0	0	0	0	0	0	0	1	1	0	1	0	0	1	0	0	0.9192176478132615
123	0	0	0	0	0	0	0	1	0	1	0	0	0	0	0	0	0	0	0	0	0	1	1	0	1	0	0	1	0	0	0.916213928434013
124	0	0	0	0	0	0	0	1	0	0	0	0	0	0	0	0	0	0	0	0	0	1	1	0	1	0	0	1	0	0	0.9122611260741311
125	0	0	0	0	0	1	0	1	0	0	0	0	0	0	0	0	0	0	0	0	0	1	1	0	1	0	0	1	0	0	0.9197229703732204
126	0	1	0	1	0	0	0	1	0	0	1	0	0	0	0	0	0	0	0	0	1	1	1	0	0	0	0	1	0	0	0.9098678979094524
127	0	0	0	1	0	1	0	1	0	0	0	0	0	0	0	0	0	0	0	0	0	1	0	0	1	0	0	1	0	0	0.912612543285879
128	0	0	0	1	0	1	0	1	0	0	0	0	0	0	0	0	0	0	0	0	0	1	0	0	1	0	0	1	0	0	0.9126433243555214
129	1	0	0	1	0	1	0	1	0	0	0	0	0	0	0	0	0	0	0	0	0	1	0	0	1	0	0	1	0	0	0.9059766576888548
130	0	0	0	1	0	1	0	1	0	0	0	0	0	0	0	0	0	0	0	0	0	1	0	0	1	0	0	1	0	0	0.9074567141208156
131	0	0	0	1	0	0	0	1	0	0	1	0	0	0	0	0	0	0	0	0	1	1	0	0	0	0	0	1	0	0	0.9162754905732973
132	0	1	0	0	0	1	0	1	0	0	0	0	0	1	0	0	0	0	0	0	1	1	1	0	0	0	0	1	0	0	0.9152084134923688
133	1	1	0	1	0	0	0	0	0	0	0	0	0	1	0	0	0	0	0	0	1	1	1	0	0	0	0	1	0	0	0.9169167628575093
134	0	1	0	1	0	0	1	0	0	0	0	0	0	1	0	0	0	0	0	0	1	0	1	0	0	0	0	1	0	0	0.9042683083237142
135	0	1	0	1	0	0	1	0	0	0	0	0	0	1	0	0	0	0	0	0	1	0	1	0	0	0	0	1	0	0	0.9094856996280621
136	0	1	0	1	0	0	1	0	0	0	0	0	0	1	0	0	0	0	0	0	1	0	1	0	0	0	0	1	0	0	0.9112248300628448
137	0	1	0	1	1	0	0	0	0	0	0	0	0	1	0	0	0	0	0	0	1	0	1	0	0	0	0	1	0	0	0.9095472617673463
138	0	1	1	1	0	0	1	0	0	0	0	0	0	0	0	0	0	0	0	0	1	0	1	0	0	0	0	1	0	0	0.9129947415672695
139	0	1	1	1	0	0	1	0	0	0	0	1	0	0	0	0	0	0	0	0	1	0	1	0	0	0	0	1	0	0	0.9080672053353854
140	0	1	0	1	0	0	0	0	0	0	0	0	0	1	0	0	0	0	0	0	1	0	1	0	0	0	0	1	0	0	0.91276644863409
141	0	0	0	1	1	0	0	0	0	0	0	0	0	1	0	0	0	0	0	0	1	0	0	0	0	0	0	1	0	0	0.9106451199179172
142	0	1	0	1	1	0	0	0	0	0	0	0	0	1	0	0	0	0	0	0	1	0	0	0	0	0	0	1	0	0	0.914413235859946
143	0	0	0	1	1	0	0	0	0	0	0	0	0	1	0	0	0	0	0	0	1	0	0	0	0	0	0	1	0	0	0.9158317301526228
144	0	1	0	1	0	0	0	0	0	1	0	0	0	1	0	0	0	0	0	0	1	0	0	0	0	0	0	1	0	0	0.9143824547903039
145	0	1	0	1	0	0	0	0	0	1	0	0	0	0	0	0	0	0	0	0	1	0	0	0	0	0	0	1	0	0	0.933407720918302
146	0	1	0	1	0	0	0	0	0	1	0	0	0	0	0	0	0	0	0	0	1	0	0	0	0	0	0	1	0	0	0.9227574708221111
147	0	1	0	0	0	0	0	0	0	1	0	0	0	1	0	0	0	0	0	0	1	0	0	0	0	0	0	1	0	0	0.9210799025266128
148	0	1	1	1	0	0	0	0	0	0	0	0	0	0	0	0	0	0	0	0	1	0	0	0	0	0	0	1	0	0	0.9227882518917533
149	0	1	1	0	0	0	0	0	0	0	0	0	0	0	0	0	0	0	0	0	1	0	0	0	0	0	0	1	0	0	0.9259458766192127
150	0	1	0	0	0	0	0	0	0	0	0	1	0	1	0	0	0	0	0	0	1	0	0	1	0	0	0	1	0	0	0.9179530588687956
151	0	1	0	0	0	0	0	0	0	1	0	0	0	0	0	0	0	0	0	0	1	0	0	1	0	0	0	1	0	0	0.9298063357701681
152	0	1	0	0	0	0	0	0	0	1	0	0	0	0	0	0	0	0	0	0	1	0	0	1	0	0	0	1	0	0	0.9298678979094525
153	0	1	0	0	0	0	0	0	0	1	0	1	0	0	0	0	0	0	0	0	1	0	0	1	0	0	0	1	0	0	0.9178914967295112
154	0	1	0	0	0	0	1	0	0	1	0	0	0	0	0	0	0	0	0	0	1	0	0	1	0	0	0	1	0	0	0.9126433243555214
155	0	0	0	0	0	0	0	0	1	1	0	0	0	0	0	0	0	0	0	0	1	0	0	1	0	0	0	1	0	0	0.9140310375785557
156	0	0	0	0	0	0	0	0	0	1	0	0	0	0	0	0	0	0	0	0	1	0	0	1	0	0	0	1	0	0	0.9206977042452227
157	0	0	0	0	0	0	1	0	0	0	0	1	0	0	1	0	0	0	0	0	1	0	0	0	0	0	0	1	0	0	0.9175400795177633
158	0	0	0	0	0	0	0	0	0	0	0	1	0	0	1	0	0	0	0	0	1	0	0	0	0	0	0	1	0	0	0.9172502244452996
159	0	0	0	0	0	0	0	0	0	0	0	1	0	0	1	0	0	0	0	0	1	1	0	0	0	0	0	1	0	0	0.9298678979094525
160	0	1	0	0	0	0	0	0	0	0	0	1	0	0	1	0	0	0	0	0	1	1	0	0	0	0	0	1	0	0	0.9178914967295112
161	0	1	0	0	0	0	0	1	0	0	0	1	0	0	1	0	0	0	0	0	1	1	0	0	0	0	0	1	0	0	0.9164422213671926
162	0	1	0	0	1	1	0	0	0	1	0	0	0	0	0	0	1	0	0	0	1	0	0	0	0	0	0	1	0	0	0.9095164806977043
163	0	1	0	0	1	1	0	0	0	1	0	0	0	0	0	0	0	0	0	0	1	0	0	0	0	0	0	1	0	0	0.9126741054251634
164	0	0	0	0	0	0	0	0	0	1	0	0	0	0	0	0	1	0	0	0	1	0	0	0	0	0	0	1	0	0	0.9171886623060151
165	0	0	0	0	0	0	0	0	0	1	0	0	0	0	0	0	1	0	0	0	1	1	0	0	0	0	0	1	0	0	0.9210491214569706
166	0	1	0	0	1	0	0	0	0	0	0	0	0	0	0	0	1	0	0	0	1	0	0	0	0	0	0	1	0	0	0.9210491214569706
167	0	0	0	0	0	0	0	0	0	1	0	0	0	0	0	0	1	0	0	0	1	1	0	0	0	0	0	1	0	0	0.9280672053353854
168	0	0	0	0	1	0	0	0	0	1	0	0	0	0	0	0	1	0	0	0	1	1	0	0	0	0	0	1	0	0	0.919661408233936
169	0	0	0	0	0	0	0	0	0	1	0	0	0	0	0	0	1	0	0	0	1	1	0	0	0	0	0	1	0	0	0.9246505066051045
170	0	0	0	0	0	0	0	0	0	1	0	0	0	0	0	0	1	0	0	0	1	1	0	1	0	0	0	1	0	0	0.9285109657560602
171	0	0	0	0	1	0	0	0	0	1	1	0	0	0	0	0	1	0	0	0	1	1	0	0	0	0	0	1	0	0	0.9095164806977043
172	0	1	0	0	0	0	1	0	0	1	1	0	0	0	0	0	1	0	0	0	1	1	0	0	0	0	0	1	0	0	0.9134077209183019
173	0	0	0	0	0	0	1	0	0	1	0	0	0	0	0	0	1	0	0	0	1	1	0	0	0	1	0	1	0	0	0.9147646530716943
174	0	0	0	0	0	0	1	0	0	1	0	0	0	0	0	0	1	0	0	0	1	1	0	0	0	0	0	1	0	0	0.9109349749903808
175	0	0	0	0	0	0	1	0	0	1	0	0	0	1	0	0	1	0	0	0	1	1	0	0	0	0	0	1	0	0	0.9147646530716943
176	0	0	0	0	0	0	1	0	0	1	1	0	0	0	0	0	1	0	0	0	1	1	0	0	0	1	0	1	0	0	0.9028190329613954
177	0	0	0	0	0	0	0	0	0	1	0	0	0	0	0	0	1	0	0	0	1	1	0	0	0	1	0	1	0	0	0.9196306271642939
178	0	0	1	0	0	0	1	0	0	1	0	0	0	0	0	0	1	0	0	0	1	1	0	0	0	1	0	1	0	0	0.9046197255354623
179	0	1	0	0	1	0	1	0	0	0	0	0	0	0	0	0	1	0	0	0	1	1	0	0	0	1	0	1	0	0	0.9168859817878673
180	0	1	0	1	1	0	1	0	0	0	0	0	0	0	0	0	1	0	0	0	1	1	0	0	0	1	0	1	0	0	0.9049403616775682
181	0	1	0	1	1	0	1	0	0	0	0	0	0	0	0	0	1	0	0	0	1	1	0	0	1	1	0	1	0	0	0.8896088239066307
182	0	0	0	0	0	1	1	0	0	1	1	0	0	0	0	0	0	0	0	0	1	1	0	1	0	1	0	1	0	0	0.8962139284340129
183	0	1	0	1	1	0	0	0	0	0	0	0	0	0	0	0	1	0	0	0	1	1	0	0	1	1	0	1	0	0	0.8979838399384378
184	0	0	1	0	0	0	1	0	0	0	0	0	0	0	0	0	1	0	0	0	1	1	0	1	1	1	0	1	0	0	0.8997229703732204
185	1	0	0	1	1	0	0	0	0	0	0	0	0	0	0	0	1	0	0	0	1	1	0	0	1	1	0	1	0	0	0.8961831473643709
186	0	0	0	1	1	0	0	0	0	0	0	0	0	1	0	0	1	0	0	0	1	0	0	0	1	1	0	1	0	0	0.9081595485443118
187	0	1	0	1	1	0	0	0	0	0	0	0	0	1	0	0	1	0	0	0	1	0	0	0	1	1	0	1	0	0	0.8997229703732204
188	0	0	0	0	1	0	0	0	0	0	0	0	0	1	0	0	0	0	0	0	1	0	0	0	1	1	0	1	0	0	0.9056560215467486
189	0	0	1	0	1	0	0	0	0	0	0	0	0	1	0	0	0	0	0	0	1	0	0	0	1	1	0	1	0	0	0.902590740028216
190	0	0	0	0	0	1	0	0	0	0	0	0	0	1	0	0	1	0	0	0	1	0	0	0	1	1	0	1	0	0	0.9059766576888548
191	0	0	0	0	0	0	0	0	0	0	0	0	0	1	0	0	0	0	0	0	1	0	0	0	1	1	0	1	0	0	0.914031037578556
192	0	0	1	0	0	0	0	0	0	0	0	0	0	0	0	0	0	0	0	0	1	0	0	0	1	1	0	1	0	0	0.9175708605874054
193	1	0	1	0	0	0	0	0	0	0	0	1	0	1	0	0	0	0	0	0	1	0	0	0	1	1	0	1	0	0	0.9010799025266127
194	1	0	0	0	0	0	0	0	0	0	0	0	0	1	0	0	0	0	0	0	1	0	0	0	1	1	0	1	0	0	0.9039784532512505
195	0	0	1	0	0	0	0	0	0	0	0	0	0	1	0	0	0	0	0	0	1	0	0	0	1	1	0	1	0	0	0.9109041939207387
196	1	0	0	0	0	0	0	0	0	0	0	0	0	0	0	0	0	1	0	0	1	0	0	0	1	1	0	1	0	0	0.907364370911889
197	1	0	0	0	0	0	0	0	1	0	0	0	0	1	0	0	0	0	0	0	1	0	0	0	1	1	1	1	0	0	0.8976324227266896
198	1	0	1	0	0	0	0	0	1	0	0	0	0	1	0	0	0	0	0	0	1	0	0	0	0	1	0	1	0	0	0.9007592663845069
199	0	1	1	0	0	0	0	0	1	0	0	0	0	1	0	0	0	0	0	0	1	0	0	0	1	1	0	1	0	0	0.902911376170322
200	1	1	0	0	0	0	0	0	1	0	0	0	0	1	0	0	0	0	0	0	1	0	0	0	1	1	0	1	0	0	0.9116070283442349
201	1	1	0	0	0	0	0	0	1	0	0	0	0	1	0	1	0	0	0	0	1	0	0	0	1	1	0	1	0	0	0.9067718353212773
202	1	1	0	0	0	0	0	0	1	0	0	0	0	1	0	0	0	0	0	0	1	0	0	0	1	1	0	1	0	0	0.9028805951006796
203	0	1	1	0	0	0	0	0	1	0	0	0	0	1	0	0	0	1	0	0	1	0	0	0	1	0	0	1	0	0	0.9028805951006796
204	0	1	0	0	0	0	0	0	1	0	0	0	0	1	0	0	0	1	0	0	1	0	0	0	1	0	0	1	0	0	0.9130255226369117
205	1	0	0	0	0	0	0	0	0	0	0	0	0	1	0	0	0	0	0	0	1	0	0	0	1	0	0	1	0	0	0.9193407720918302
206	0	1	0	0	0	0	0	0	0	0	0	0	0	1	0	0	0	1	0	0	1	0	0	0	1	0	0	1	0	0	0.9214928818776451
207	0	1	0	0	0	1	0	0	0	0	0	0	0	1	0	0	0	1	0	0	1	0	0	0	1	0	0	1	0	0	0.9165653456457612
208	1	1	0	0	0	0	0	0	0	0	0	0	0	1	0	0	0	1	0	0	1	0	0	0	1	0	0	1	0	0	0.9200743875849687
209	0	1	0	0	0	0	0	0	0	0	0	0	0	1	0	0	0	1	0	0	1	0	0	0	1	0	0	1	0	0	0.9126125432858793
210	0	1	0	0	0	0	0	0	0	0	1	0	0	1	0	0	0	0	0	0	1	0	0	0	1	0	0	1	0	0	0.9214621008080031
211	0	1	0	0	1	0	0	0	0	0	0	0	0	1	0	0	0	1	0	0	1	0	0	0	1	0	0	1	0	0	0.9147954341413365
212	0	1	0	0	1	0	0	0	1	0	0	0	0	1	0	0	0	1	0	0	1	0	0	0	1	0	0	1	0	0	0.9116685904835192
213	0	1	0	0	1	0	0	0	0	0	0	0	0	1	0	0	0	1	0	0	1	0	0	0	1	0	0	1	0	0	0.9200128254456843
214	0	1	0	0	0	0	0	0	0	0	0	0	0	1	0	0	0	0	0	0	1	0	0	0	1	0	0	1	0	0	0.9211722457355391
215	0	1	1	1	1	0	0	0	0	0	0	0	0	1	0	0	0	0	0	0	1	0	0	0	1	0	0	1	0	0	0.9081595485443118
216	0	0	0	1	0	0	0	0	1	0	0	0	0	1	1	0	0	1	0	0	1	0	0	0	1	0	0	1	0	0	0.899279209952546
217	0	0	0	0	1	0	1	0	0	0	0	0	0	1	1	0	0	0	0	0	1	0	0	0	1	0	0	1	0	0	0.9059150955495703
218	0	0	1	1	0	0	0	0	0	0	0	0	0	1	0	0	0	1	0	0	1	0	0	0	1	0	0	1	0	0	0.9042683083237142
219	0	0	1	1	0	0	0	0	1	0	0	0	0	1	0	0	0	1	0	0	1	0	0	0	1	0	0	1	0	0	0.9011106835962549
220	0	0	1	0	0	0	0	0	0	0	0	0	1	1	0	0	0	1	0	0	1	0	0	0	1	0	0	1	0	0	0.9042683083237142
221	0	1	0	1	1	0	1	0	0	0	0	0	0	1	1	0	0	0	0	1	1	0	0	0	1	0	0	1	0	1	0.8881287674746697
222	0	1	0	1	0	0	1	0	0	0	0	0	0	1	1	0	0	0	0	1	1	0	0	0	1	0	0	1	0	1	0.9000743875849687
223	1	1	0	0	1	0	1	0	0	0	0	0	0	1	1	0	0	0	0	1	1	0	0	0	0	0	0	1	0	1	0.893087084776196
224	0	1	0	0	1	0	1	0	1	0	0	0	0	1	1	0	0	0	0	1	1	0	0	0	1	0	0	1	0	1	0.8846505066051045
225	0	1	0	0	0	0	1	0	0	0	0	1	0	1	1	0	0	0	0	1	1	0	0	0	0	0	0	1	0	1	0.8997229703732204
226	0	1	0	0	0	0	1	0	0	0	0	0	0	1	1	0	0	0	0	1	1	0	0	0	1	0	0	1	0	1	0.8979838399384378
227	0	0	0	0	0	0	0	1	0	0	0	1	1	1	0	0	0	1	0	0	1	0	0	0	1	0	0	1	0	0	0.8923534692830577
228	0	1	1	0	0	0	1	0	0	0	0	0	0	1	0	0	0	0	0	1	1	0	0	0	1	0	0	1	0	1	0.894413235859946
229	0	1	0	0	0	0	1	0	0	0	0	0	0	1	0	0	0	0	0	1	1	0	0	0	1	0	0	1	0	1	0.9063280749006027
230	0	1	0	0	0	0	0	0	0	0	0	0	0	1	0	0	0	0	0	1	1	0	0	0	1	0	0	1	0	1	0.9200436065153265
231	1	0	0	0	0	0	1	0	0	0	0	0	0	0	0	0	0	0	0	1	1	0	0	0	1	0	0	1	0	1	0.90945491855842
232	1	0	0	0	0	0	1	0	0	0	0	0	0	0	0	0	0	0	0	1	1	0	0	0	1	0	0	1	0	1	0.911286392202129
233	1	1	0	0	0	0	1	0	0	0	0	0	0	0	0	0	0	0	0	1	1	0	0	0	1	0	0	1	0	1	0.913407720918302
234	0	1	0	1	0	1	1	0	0	0	0	0	0	0	0	0	0	0	0	1	1	0	0	0	1	0	0	1	0	1	0.9032627933820699
235	0	1	0	0	0	0	1	0	0	0	0	0	0	1	0	0	0	0	0	1	1	0	0	1	1	0	0	1	0	0	0.9046197255354623
236	0	0	0	0	0	0	1	0	0	0	0	0	0	1	0	0	0	0	0	1	1	0	0	1	1	0	0	1	0	0	0.9059766576888548
237	0	1	0	0	0	0	0	0	0	0	0	0	0	1	1	0	0	0	0	1	1	0	0	1	1	0	0	1	0	0	0.9080979864050276
238	0	0	1	0	0	0	0	0	0	0	0	0	0	1	0	0	0	0	0	1	1	0	0	1	1	0	0	1	0	0	0.89895857381044
239	0	0	1	0	1	0	1	0	0	0	0	0	0	1	0	0	0	0	0	0	1	0	0	1	1	0	0	1	0	0	0.901110683596255
240	0	1	1	0	0	0	0	0	0	0	0	0	0	1	0	0	0	0	0	1	1	0	0	1	1	0	0	1	0	0	0.9010491214569706
241	0	1	1	0	0	0	0	0	0	0	0	0	0	1	0	0	0	0	0	1	1	0	0	0	1	0	0	1	0	0	0.8953879697319481
242	0	0	1	0	0	0	0	0	0	0	0	0	0	1	0	0	0	0	0	1	1	0	0	0	1	0	0	1	0	0	0.9196921893035782
243	0	1	0	0	0	0	0	0	0	0	0	0	0	1	0	0	1	0	0	1	1	0	0	0	1	0	0	1	0	0	0.9078081313325639
244	0	1	0	0	1	0	0	0	0	0	0	0	0	1	0	0	1	0	0	1	1	0	0	0	1	0	0	1	0	0	0.9063896370398871
245	0	1	1	0	0	0	0	0	0	0	0	0	0	1	0	0	0	0	0	1	1	0	0	0	1	0	0	1	0	0	0.9147954341413365
246	0	1	0	0	0	0	0	0	1	0	0	0	0	1	0	0	1	0	0	1	1	0	0	0	1	0	0	1	0	0	0.9045889444658203
247	0	1	1	0	0	0	0	0	0	0	0	0	0	1	0	0	0	0	0	1	1	0	0	0	1	0	0	1	0	0	0.90420674618443
248	0	1	0	0	0	0	0	0	0	0	0	0	0	1	0	0	0	0	0	1	1	0	0	0	1	0	0	1	0	0	0.916213928434013
249	0	0	0	0	0	0	0	0	0	0	0	0	0	1	0	0	0	0	0	1	1	0	0	0	1	0	0	1	0	0	0.9157393869436963
250	0	1	0	0	0	0	0	0	0	1	0	0	0	1	0	1	0	0	0	1	1	0	0	0	1	0	0	1	0	0	0.9062665127613184
251	1	1	0	0	0	0	0	0	0	1	0	0	1	1	0	0	0	0	0	1	1	0	0	0	1	0	0	1	0	0	0.9032012312427857
252	0	1	0	1	0	0	0	0	0	1	0	0	0	1	0	0	0	0	0	1	1	0	0	0	1	0	0	1	0	0	0.9098986789790944
253	0	0	0	0	0	0	0	0	0	1	0	0	0	1	0	1	0	0	0	1	1	0	0	0	0	0	0	1	0	0	0.9126741054251634
254	0	1	0	1	0	1	0	0	0	0	0	0	0	1	0	1	0	0	0	1	0	0	0	0	1	0	0	1	0	0	0.9010799025266127
255	0	1	0	1	0	1	0	0	1	0	0	0	0	1	0	0	0	0	0	1	1	0	0	0	1	0	0	1	0	0	0.8927356675644478
256	0	1	1	1	0	1	0	1	0	0	0	0	0	1	0	1	0	0	0	1	1	0	0	0	1	0	0	0	0	0	0.8965653456457612
257	0	1	0	0	0	0	0	0	0	1	1	0	1	1	0	0	0	0	0	1	1	0	0	0	1	0	0	1	0	1	0.8878696934718482
258	0	1	0	0	0	0	0	0	0	1	0	0	1	1	0	0	0	0	0	1	1	0	0	0	1	0	0	1	0	1	0.8909349749903808
259	0	1	0	0	0	0	1	0	0	1	0	0	1	1	0	0	0	0	0	1	1	0	0	0	1	0	0	1	0	1	0.8983044760805438
260	0	1	0	1	0	0	0	0	0	1	0	0	0	1	0	0	0	0	0	1	1	0	0	0	1	0	0	1	0	1	0.9013697575990766
261	0	1	0	1	0	0	0	0	0	0	0	0	0	1	0	0	0	0	0	1	1	0	0	0	1	0	0	1	0	1	0.8975400795177633
262	0	0	0	0	1	0	0	0	0	1	0	0	1	1	0	0	0	0	0	1	1	0	0	0	1	0	0	1	0	1	0.8891342824163139
263	0	0	0	0	1	0	0	0	0	1	0	0	1	1	0	0	0	0	0	0	1	0	0	0	1	0	0	1	0	1	0.8923534692830577
264	0	0	0	0	1	0	0	0	0	1	0	0	1	1	0	0	0	0	0	0	0	0	0	0	1	0	0	1	0	1	0.8972194433756574
265	0	0	0	0	1	0	0	0	0	1	0	0	1	0	0	0	0	0	0	0	0	0	0	0	1	0	0	1	0	1	0.8950981146594843
266	0	0	0	0	1	1	0	0	0	0	0	0	1	1	0	0	0	0	0	0	0	0	0	0	1	0	0	1	0	1	0.8884006669231757
267	0	1	0	0	1	1	0	0	0	0	0	0	1	1	0	0	0	0	0	0	0	0	0	0	1	0	0	1	0	1	0.8852430421957163
268	0	1	0	0	1	1	0	0	0	0	0	0	1	1	0	0	0	0	0	0	1	0	0	0	1	0	0	1	0	1	0.8909657560600232
269	0	1	0	0	0	1	0	0	0	0	0	0	1	1	0	0	0	0	0	0	1	0	0	0	1	0	0	1	0	1	0.9063280749006027
270	0	1	0	0	1	1	0	0	0	0	0	0	1	1	0	0	0	0	0	0	1	0	0	0	1	0	0	1	0	1	0.8996921893035783
271	1	1	0	0	0	1	0	0	0	0	0	0	0	1	0	0	0	0	1	0	0	0	0	0	1	0	0	1	0	1	0.8957393869436963
272	0	1	1	0	1	1	0	0	0	0	0	0	0	0	0	0	0	0	0	0	1	0	0	0	1	0	0	1	0	1	0.9029113761703218
273	0	1	1	0	1	0	0	0	0	0	0	0	0	0	0	0	0	0	0	0	1	0	0	0	1	0	0	1	0	1	0.9077465691932795
274	1	1	1	0	1	0	0	0	0	0	0	0	0	0	0	0	0	0	0	0	0	0	0	0	1	0	0	1	0	1	0.90945491855842
275	1	1	0	0	1	0	0	0	0	0	0	0	0	0	0	0	0	0	0	0	0	0	0	0	1	0	0	1	0	1	0.9038861100423239
276	1	1	0	0	1	0	0	0	0	0	0	0	0	0	0	0	0	0	1	0	0	0	0	0	1	0	0	1	0	1	0.9006977042452224
277	1	1	0	0	0	0	0	0	0	0	0	0	0	0	0	0	0	0	1	0	0	0	0	0	1	0	0	1	0	1	0.9090111581377454
278	1	1	0	0	0	0	0	0	0	1	0	0	0	0	0	0	0	0	1	0	0	0	0	0	1	0	0	1	0	1	0.9147954341413365
279	1	0	0	0	1	0	0	0	0	0	0	0	0	0	1	0	0	0	0	0	0	0	0	0	1	0	0	1	0	1	0.8967449018853404
280	1	1	0	0	1	0	0	0	0	0	0	0	0	0	0	0	0	1	1	0	1	0	0	0	1	0	0	1	0	1	0.9049711427472104
281	1	1	0	0	1	0	0	0	1	0	0	0	0	0	1	0	0	0	0	0	0	0	0	0	1	0	0	1	0	1	0.897478517378479
282	1	0	0	0	0	0	0	0	0	0	0	0	0	0	1	0	0	0	0	0	0	0	0	0	1	0	0	1	0	1	0.9052122611260741
283	1	0	0	0	0	0	0	0	0	0	0	0	1	0	1	0	0	0	0	0	0	0	0	0	1	0	0	1	0	1	0.898637937668334
284	1	0	0	1	0	0	0	0	0	0	0	0	0	0	1	0	0	0	0	0	0	0	0	0	1	0	0	1	1	1	0.8902013594972426
285	1	0	0	1	0	0	0	0	0	0	0	0	0	1	1	0	0	0	0	0	0	0	0	0	1	0	0	1	1	1	0.9011414646658972
286	0	1	0	1	0	1	1	0	0	0	0	0	0	0	1	0	0	0	0	0	0	0	0	0	1	0	0	1	0	1	0.9045889444658203
287	0	1	0	1	0	0	1	0	0	0	0	0	0	0	1	0	0	0	0	0	0	1	0	0	1	0	0	1	0	1	0.9063896370398872
288	0	1	0	1	0	0	0	0	0	0	0	0	0	1	1	0	0	0	0	0	0	0	0	0	1	0	0	1	1	1	0.9080979864050276
289	0	1	0	1	0	0	1	0	0	0	0	0	0	0	1	0	0	0	0	0	0	1	0	0	1	0	0	1	0	1	0.9046197255354623
290	0	1	0	1	0	1	1	0	0	0	0	0	0	0	1	0	0	0	0	0	0	1	0	0	1	0	0	1	0	1	0.8997229703732205
291	0	1	1	1	0	1	1	0	0	0	0	0	0	0	1	0	0	0	0	0	0	1	0	0	1	0	0	1	0	1	0.8982736950109016
292	0	1	0	1	0	0	0	0	1	0	0	0	0	0	1	0	0	0	0	0	0	0	0	0	1	0	0	1	0	1	0.911255611132487
293	0	1	0	1	0	1	0	0	1	0	0	0	0	0	1	0	0	0	0	0	0	0	0	0	1	0	0	1	0	1	0.8958317301526227
294	0	0	0	1	1	1	1	0	0	0	0	0	1	0	0	0	0	0	0	0	0	1	0	0	1	0	0	1	0	1	0.8944132358599461
295	0	0	0	1	1	1	1	0	0	0	0	0	1	0	0	0	0	0	0	0	1	1	0	0	1	0	0	1	0	1	0.8877773502629216
296	0	0	0	0	1	1	1	0	0	0	0	0	1	0	0	0	0	0	0	0	1	1	0	0	1	0	0	1	0	1	0.9032012312427857
297	0	0	0	0	1	1	0	0	0	0	0	0	1	0	0	0	0	0	0	0	1	1	0	0	1	0	0	1	0	1	0.8958317301526229
298	0	0	0	0	1	0	0	0	0	0	0	0	1	0	0	0	0	0	0	0	1	1	0	0	1	0	0	1	0	1	0.9112248300628446
299	1	0	0	0	1	0	0	0	0	0	0	0	1	0	0	0	0	0	0	0	1	1	0	0	1	0	0	1	0	1	0.913438501987944
300	1	0	0	0	0	0	0	0	0	0	0	0	1	0	0	0	0	0	0	0	1	1	0	0	1	0	0	1	0	1	0.9165345645761191
301	1	0	0	0	1	0	0	0	0	0	0	0	1	0	0	0	0	0	0	0	1	1	0	0	1	0	0	1	0	1	0.9098678979094524
302	1	0	0	0	0	0	0	0	0	0	0	0	1	0	0	0	0	0	0	0	1	1	0	0	1	0	0	1	0	1	0.9200128254456843
303	1	1	0	0	0	0	0	0	0	0	0	0	1	0	0	0	0	0	0	0	1	1	0	0	1	0	0	1	0	1	0.9097447736308837
304	1	1	0	0	0	0	0	0	1	0	0	0	1	0	0	0	0	0	0	0	1	1	0	0	1	0	0	1	0	1	0.904909580607926
305	0	1	0	0	1	0	0	0	0	0	0	0	1	1	0	0	0	0	0	0	1	0	0	1	1	0	0	1	0	1	0.8961831473643709
306	1	0	0	0	0	0	0	0	0	0	0	0	1	1	0	0	0	0	0	0	1	0	0	1	1	0	0	1	0	1	0.9045889444658203
307	1	0	1	0	0	0	0	0	0	0	0	0	1	1	0	0	0	0	0	0	1	0	0	1	1	0	0	1	0	1	0.8926741054251635
308	1	0	0	0	0	0	0	0	0	0	0	0	1	1	0	0	0	0	0	0	1	0	0	1	1	0	0	1	0	1	0.9028498140310376
309	0	1	0	1	1	0	0	0	0	0	0	0	1	0	0	0	0	0	0	0	1	0	0	0	1	0	0	1	0	1	0.9168244196485827
310	0	1	0	1	1	0	0	0	0	0	0	0	1	0	0	0	0	0	0	0	1	0	0	1	1	0	0	1	0	1	0.9049711427472105
311	0	1	0	1	1	0	0	0	0	0	0	0	0	0	0	0	0	0	0	0	1	0	0	1	1	0	0	1	0	1	0.9080979864050276
312	0	0	0	1	1	0	0	0	0	0	0	0	1	0	0	0	0	1	0	0	1	0	0	0	1	0	0	1	0	1	0.8940925997178402
313	1	1	0	1	0	0	0	0	0	0	0	0	1	0	0	0	0	1	0	1	1	0	0	0	1	0	0	1	0	1	0.891286392202129
314	1	0	0	1	0	0	0	0	0	0	0	0	1	0	0	0	0	1	0	1	1	0	0	0	1	0	0	1	0	1	0.8926741054251633
315	1	0	0	0	1	0	0	1	1	0	0	0	1	0	0	0	0	0	0	0	1	0	0	0	1	0	0	1	0	1	0.9014313197383609
316	0	0	0	0	1	0	0	0	0	0	0	0	1	1	0	1	0	0	0	0	1	0	0	0	1	0	0	1	0	1	0.8975092984481211
317	0	1	1	0	0	0	0	0	1	0	0	0	1	0	1	0	0	0	0	0	1	1	0	0	1	0	0	1	0	1	0.8929947415672694
318	0	0	1	0	0	0	0	0	1	0	0	0	1	0	1	0	0	0	0	0	1	0	0	0	1	0	0	1	0	1	0.8958317301526227
319	0	0	1	0	0	0	0	0	1	0	0	0	1	0	1	0	0	0	0	0	1	0	0	0	1	0	0	1	0	1	0.8923226882134153
320	1	0	1	0	0	0	0	0	1	0	0	0	1	0	1	0	0	0	0	0	1	0	0	0	1	0	0	1	0	1	0.8926741054251633
321	0	1	1	0	0	0	0	1	0	0	0	0	1	0	1	0	0	0	0	0	1	0	0	0	1	0	0	1	0	1	0.8997229703732204
322	0	0	1	0	0	0	0	0	1	0	1	0	0	0	1	0	0	0	0	0	1	0	0	0	1	0	0	0	0	1	0.9042375272540721
323	0	0	1	0	0	0	0	0	1	0	0	0	0	0	1	0	0	0	0	0	1	0	0	0	1	0	0	1	0	1	0.9077465691932796
324	0	0	1	0	0	0	0	0	1	0	0	0	0	0	1	0	0	0	0	0	1	0	0	0	0	0	1	1	0	1	0.8954803129408747
325	0	1	1	0	0	0	0	0	1	0	0	0	0	0	1	0	0	0	0	0	1	0	0	0	1	0	1	1	0	1	0.9014313197383609
326	0	0	1	0	0	0	0	0	1	0	0	0	0	0	1	0	0	0	0	0	1	0	0	0	0	0	1	1	0	1	0.8989277927407978
327	0	1	1	0	0	0	1	0	0	0	0	0	0	0	1	0	0	0	0	0	1	0	0	0	0	0	1	1	0	1	0.9027574708221111
328	0	0	0	0	0	0	0	0	1	0	0	0	0	0	1	0	0	0	0	0	1	0	0	0	0	0	1	1	0	1	0.9126433243555214
329	0	0	1	0	0	0	0	0	1	0	0	0	0	0	1	0	0	0	0	0	1	0	0	0	0	0	1	1	0	1	0.9059458766192124
330	0	1	0	0	0	0	0	0	1	0	0	0	0	0	1	0	0	0	0	0	1	0	0	0	0	0	1	1	0	1	0.9112556111324868
331	0	1	1	0	0	0	0	0	1	0	0	0	0	0	1	0	0	0	0	0	1	0	0	0	0	0	1	1	0	1	0.9045889444658203
332	0	0	1	0	1	0	0	1	0	0	0	0	0	0	1	0	0	0	0	0	1	0	0	0	0	0	1	1	0	0	0.9007592663845069
333	1	1	1	0	0	0	0	0	0	0	0	0	0	0	1	0	0	0	0	0	1	0	0	0	0	0	1	1	0	1	0.9080672053353854
334	0	0	1	0	0	0	1	0	1	0	0	0	0	1	0	0	0	0	0	0	1	0	0	0	0	0	1	1	0	1	0.8993715531614723
335	0	1	0	0	0	1	0	0	0	0	0	0	0	0	1	0	0	0	0	0	1	0	0	0	0	0	1	1	0	1	0.9147954341413365
336	0	1	1	1	0	1	0	0	0	0	0	0	0	0	0	0	0	0	0	0	1	0	0	0	0	0	1	1	0	1	0.9045889444658203
337	0	1	1	1	0	1	0	0	1	0	0	0	0	0	0	0	0	0	0	0	1	0	0	0	0	0	1	1	0	1	0.9014313197383609
338	0	1	0	0	1	1	0	0	0	0	0	0	0	0	1	0	0	0	0	0	1	0	0	0	0	0	1	1	0	1	0.9098063357701681
339	0	1	1	1	0	1	0	0	1	0	0	0	0	0	0	0	0	0	0	0	1	0	0	0	0	0	1	1	0	1	0.8908734128510966
340	0	1	0	1	0	0	1	0	1	0	0	0	0	1	0	0	0	0	0	0	1	0	0	0	0	0	1	1	0	1	0.8909657560600229
341	0	1	0	1	0	1	1	0	1	0	0	0	0	1	0	0	0	0	0	0	1	0	0	0	0	0	1	1	0	1	0.8947954341413364
342	0	1	0	1	0	1	1	0	1	0	0	0	0	1	0	0	0	0	0	0	1	0	0	0	0	0	1	1	0	1	0.893087084776196
343	1	1	0	1	0	0	1	0	0	0	0	0	0	1	0	0	0	0	0	0	1	0	0	0	0	0	1	1	0	1	0.899661408233936
344	1	1	0	0	0	0	1	0	0	0	0	0	0	1	0	0	0	0	0	0	1	0	0	0	0	0	1	1	0	1	0.8922919071437733
345	0	1	0	0	0	0	1	0	0	0	0	0	0	1	0	0	0	0	0	0	1	0	0	0	0	0	1	1	0	1	0.9094856996280621
346	0	1	0	0	0	1	1	0	0	0	0	0	0	1	0	0	0	0	0	0	1	1	0	0	0	0	1	1	0	1	0.9032012312427857
347	0	1	0	1	0	0	1	0	0	0	1	0	0	1	0	0	0	0	0	0	1	0	0	0	0	0	1	1	0	1	0.8979838399384378
348	0	1	0	1	0	0	1	0	0	0	0	0	0	1	0	0	0	0	0	0	1	0	0	0	0	0	1	1	0	1	0.8993715531614723
349	0	1	0	1	0	1	1	0	0	0	0	0	0	1	0	0	0	0	0	0	1	0	0	0	0	0	1	1	0	1	0.9015236629472875
350	0	1	0	1	0	1	1	0	0	0	0	0	0	1	0	0	0	0	0	0	1	0	0	0	0	0	1	1	0	1	0.8980146210080799
351	0	1	0	1	1	0	1	0	0	0	0	0	0	1	0	0	0	0	0	0	1	0	0	0	0	0	1	1	0	1	0.8962139284340129
352	0	1	0	1	0	0	1	0	0	0	0	0	0	0	0	0	0	0	0	0	1	0	0	0	0	0	1	1	0	1	0.9007592663845069
353	0	0	0	1	0	0	1	0	0	0	0	0	0	0	0	0	0	0	0	0	1	0	0	0	0	0	1	1	0	1	0.9038553289726817
354	0	1	0	1	1	0	0	0	0	0	0	0	0	1	1	0	0	0	0	0	1	0	0	0	0	0	0	1	0	1	0.9063896370398871
355	0	1	0	1	0	0	0	0	0	0	0	0	0	1	0	0	0	0	1	0	1	0	0	0	0	0	1	1	0	1	0.9062665127613184
356	0	1	0	1	0	0	0	0	0	0	0	0	0	1	1	0	0	0	0	0	1	0	0	0	0	0	0	1	0	1	0.9165037835064768
357	0	1	0	1	0	0	0	0	0	0	0	0	0	1	1	0	0	0	0	0	1	0	0	0	0	0	0	1	0	1	0.9060997819674234
358	1	0	0	1	0	0	0	0	0	0	0	0	0	1	1	0	0	0	0	0	1	0	0	0	0	0	0	1	0	1	0.9007284853148647
359	0	1	0	1	0	0	0	0	1	0	0	0	0	1	0	0	0	0	1	0	1	0	0	0	0	0	1	1	0	1	0.9085417468257021
360	0	0	0	1	0	0	0	0	1	0	0	0	0	1	0	0	0	0	1	0	1	0	0	0	0	0	0	1	0	1	0.9025291778889317
361	0	1	0	1	0	0	0	0	1	0	0	0	0	1	0	0	0	0	1	0	1	0	0	0	0	0	0	1	0	1	0.9080364242657433
362	1	1	0	0	0	0	0	0	1	0	0	0	0	1	0	0	0	0	1	0	1	0	0	0	0	0	0	1	0	1	0.9028498140310376
363	0	1	0	0	0	0	0	0	0	0	0	0	0	1	0	0	0	0	1	0	1	0	0	0	0	0	1	1	0	1	0.907654225984353
364	0	1	0	0	0	0	0	0	0	0	0	0	0	0	0	0	0	0	1	0	1	0	0	0	0	0	1	1	0	1	0.912612543285879
365	0	1	0	0	0	0	0	0	0	0	0	0	0	0	0	1	0	0	1	0	1	0	0	0	0	0	1	1	0	1	0.9130563037065538
366	0	1	0	0	0	0	0	1	0	0	0	0	0	0	1	0	0	0	1	0	1	0	0	0	0	0	1	1	0	1	0.9063280749006027
367	0	1	0	0	0	0	0	0	0	0	0	0	0	0	0	1	0	0	1	0	1	0	0	0	0	0	1	1	0	1	0.9095780428369887
368	0	1	1	0	0	0	0	0	0	0	0	0	0	0	1	0	0	0	1	0	1	0	0	0	0	0	1	1	0	1	0.9098371168398101
369	0	1	0	0	0	0	0	0	0	0	0	0	1	0	1	0	0	0	1	0	1	0	0	0	0	0	1	1	0	1	0.9063896370398871
370	0	1	0	0	0	0	0	1	0	0	0	0	0	0	0	1	0	0	1	0	1	1	0	0	0	0	1	1	0	0	0.9115454662049506
371	0	1	0	0	0	0	1	0	0	0	0	0	1	0	0	0	0	0	1	0	1	0	0	0	0	0	1	1	0	1	0.904527382326536
372	0	1	0	0	1	1	0	0	0	0	0	0	0	0	0	1	0	0	1	0	1	1	0	0	0	0	1	1	0	1	0.8964730024368346
373	1	0	1	1	0	0	0	0	0	0	0	0	0	0	1	0	0	0	1	0	1	0	0	0	0	0	1	1	0	1	0.8909041939207387
374	0	1	0	0	1	1	0	1	0	0	0	0	0	0	0	1	0	0	1	0	1	0	0	0	0	0	1	1	0	1	0.8894856996280621
375	1	0	0	0	0	1	0	0	0	0	0	0	0	0	0	1	0	0	1	0	1	1	0	0	0	0	1	1	0	1	0.8961831473643709
376	1	1	0	0	0	0	0	0	0	0	0	0	0	0	0	0	0	0	1	0	1	1	0	0	0	0	1	1	0	1	0.9133769398486598
377	1	1	0	0	0	0	0	0	0	0	0	0	0	0	0	0	0	0	1	0	1	1	0	0	1	0	1	1	0	1	0.904909580607926
378	1	0	0	0	0	0	0	0	0	0	0	0	0	0	0	0	0	0	1	0	1	1	0	0	1	0	1	1	0	1	0.9028190329613954
379	1	1	0	0	0	0	0	0	0	0	0	0	0	0	0	0	0	0	1	0	1	1	0	0	1	0	1	1	0	1	0.9014005386687187
380	1	0	0	0	0	1	0	0	0	0	0	0	0	0	0	1	0	0	1	0	1	0	0	0	0	0	1	1	0	1	0.8975708605874054
381	0	0	0	0	0	1	0	0	0	0	0	0	0	0	0	1	0	0	1	0	1	0	0	0	0	0	1	1	0	1	0.9024368346800051
382	0	0	1	0	0	1	0	0	0	0	0	0	0	0	0	1	0	0	1	0	1	0	0	0	0	0	1	1	0	1	0.8922919071437733
383	0	0	1	0	0	1	0	0	0	0	0	0	0	0	0	1	0	0	1	0	1	0	0	0	0	0	1	1	0	1	0.8852122611260741
384	0	0	0	0	0	1	0	0	1	0	0	0	0	0	0	1	0	0	1	0	1	0	0	0	0	0	1	1	0	1	0.888813646274208
385	0	1	1	0	0	1	1	0	1	0	0	0	0	0	0	1	0	0	1	0	1	0	0	0	0	0	1	1	0	1	0.895054508144158
386	0	1	0	0	0	1	1	0	1	0	0	0	0	0	0	1	0	0	1	0	1	0	0	0	0	0	1	1	0	1	0.8877465691932795
387	0	1	0	0	0	0	1	0	1	0	0	0	0	0	0	1	0	0	1	0	1	0	0	0	0	0	1	1	0	1	0.9032320123124278
388	0	1	0	0	0	1	1	0	1	0	0	0	0	0	0	1	0	0	0	0	1	0	0	0	0	0	1	1	0	1	0.8961523662947287
389	0	1	0	0	0	0	1	0	1	0	0	0	0	0	0	1	0	0	1	0	1	0	0	0	0	0	1	1	0	1	0.8979222777991536
390	0	0	0	0	0	1	1	0	0	0	0	0	0	0	0	1	0	0	0	0	1	0	0	0	0	0	1	1	0	1	0.8972502244452996
391	0	0	0	0	0	1	1	0	0	0	0	0	0	0	0	1	0	0	1	0	1	0	0	0	0	0	0	1	0	1	0.9042375272540721
392	0	0	0	0	0	0	1	0	0	0	0	0	0	0	0	1	0	0	1	0	1	0	0	0	0	0	0	1	0	1	0.905686802616391
393	0	1	0	0	0	1	1	0	0	0	0	0	0	0	0	1	0	0	1	0	1	1	0	0	0	0	0	1	0	1	0.9066487110427087
394	0	1	0	0	0	1	1	0	0	0	0	0	0	0	0	1	0	0	1	0	1	1	0	0	0	0	0	1	0	1	0.9032012312427857
395	1	1	0	0	0	0	1	0	0	0	0	0	0	0	0	1	0	0	1	0	1	1	0	0	0	0	0	1	0	1	0.9067410542516352
396	0	1	0	0	0	0	1	0	0	0	0	0	0	0	0	0	0	0	1	0	1	0	0	0	0	0	0	1	0	1	0.9250019238168525
397	0	1	0	0	0	0	0	0	0	0	0	0	0	0	0	0	0	0	1	0	1	0	0	0	0	0	0	1	0	1	0.9139694754392714
398	0	1	0	0	0	0	0	0	0	0	0	1	0	0	0	0	0	0	1	0	1	0	0	0	0	0	0	1	0	1	0.9144132358599462
399	0	1	0	0	0	0	0	0	0	0	0	0	0	0	0	0	0	0	1	0	1	0	0	0	0	0	0	1	0	1	0.9210799025266129
400	0	1	1	0	0	0	1	0	0	1	0	0	0	0	0	0	0	0	1	0	1	1	0	0	0	0	0	1	0	1	0.9032012312427857
401	0	1	1	0	0	0	1	0	0	1	0	0	1	0	0	0	0	0	1	0	1	1	0	0	0	0	0	1	0	1	0.9000743875849686
402	0	1	0	0	0	0	1	0	0	1	0	0	0	1	0	0	0	0	1	0	1	1	0	0	0	0	0	1	0	1	0.8926741054251635
403	0	1	0	0	0	0	1	0	0	1	0	0	1	0	0	0	0	0	1	0	1	1	0	0	0	0	0	1	0	1	0.9049711427472105
404	0	0	0	0	1	0	0	0	1	0	0	0	0	0	0	1	0	0	1	0	1	1	0	0	0	0	0	1	0	1	0.900956778248044
405	0	0	0	1	1	0	0	0	1	0	0	0	0	0	0	1	0	0	1	0	1	1	0	0	0	0	0	1	0	1	0.8961215852250863
406	1	0	0	0	0	0	1	0	0	1	0	0	1	0	0	1	0	0	1	0	1	1	0	0	0	0	0	0	0	1	0.9014313197383609
407	0	0	0	0	0	0	0	0	1	0	0	0	0	1	0	1	0	0	1	0	1	1	0	0	0	0	0	1	0	1	0.9045581633961779
408	0	0	0	0	1	0	1	0	0	1	0	0	0	0	0	1	0	0	0	0	1	1	0	0	0	0	0	0	0	1	0.9147646530716943
409	0	0	0	0	1	0	0	0	0	1	0	0	0	0	0	1	0	0	0	0	1	1	0	0	0	0	0	0	0	1	0.9196306271642939
410	0	1	0	0	1	0	1	0	0	1	0	0	0	0	0	1	0	0	0	0	1	1	0	0	0	0	0	0	0	1	0.9169167628575093
411	0	0	0	0	1	0	1	0	0	0	0	0	0	0	0	1	0	0	0	0	1	1	0	0	0	0	0	0	0	1	0.9161831473643709
412	0	1	0	0	1	0	1	0	0	1	0	0	0	0	0	1	0	0	0	0	1	1	0	0	0	0	0	0	0	1	0.9046505066051045
413	0	0	0	0	1	0	1	0	0	1	0	0	0	0	0	1	0	0	0	0	1	1	0	0	0	0	0	0	0	1	0.9095164806977044
414	0	1	0	0	1	0	1	0	0	1	0	0	0	0	0	1	0	0	0	0	1	1	0	0	0	0	0	0	0	1	0.9011106835962549
415	0	1	0	0	1	0	0	0	0	1	0	0	0	0	0	1	0	0	0	0	1	1	0	0	0	0	0	0	0	1	0.9076850070539954
416	0	0	0	0	1	0	0	0	0	1	0	0	0	0	0	1	0	0	0	0	1	1	0	0	0	0	0	0	0	1	0.9127048864948056
417	0	0	0	0	1	0	0	0	0	0	0	0	0	0	0	1	0	0	0	0	1	1	0	0	0	0	0	0	0	1	0.9227882518917533
418	0	0	0	0	1	0	0	1	0	1	0	0	0	0	0	1	0	0	0	0	1	1	0	0	0	0	0	0	0	1	0.9148262152109785
419	0	1	0	0	1	0	0	0	0	0	0	0	0	0	0	1	0	0	0	0	1	1	0	0	0	0	0	0	0	1	0.9161831473643709
420	0	1	0	0	1	0	0	0	0	0	0	1	0	0	0	1	0	0	0	0	1	1	0	0	0	0	0	0	0	1	0.9147646530716943
421	0	0	0	0	0	0	0	1	0	1	0	0	0	0	0	1	0	0	0	0	1	1	0	0	0	0	0	0	0	1	0.9179222777991536
422	1	0	0	0	0	0	0	1	0	0	0	1	0	0	0	1	0	0	0	0	1	1	0	0	0	0	0	0	0	1	0.9113479543414136
423	0	0	0	0	0	1	0	1	0	0	0	0	0	0	0	1	0	0	0	1	1	1	0	0	0	0	0	0	1	1	0.9115762472745927
424	0	0	0	0	0	0	0	1	0	0	0	0	0	0	0	1	0	0	0	1	1	1	0	0	0	0	0	0	1	1	0.911255611132487
425	0	0	0	0	0	0	0	1	0	0	0	0	0	0	1	1	0	0	0	1	1	1	0	0	0	0	0	0	1	1	0.9045581633961779
426	0	1	0	0	0	0	1	1	0	1	0	0	0	0	0	1	0	0	0	1	1	1	0	0	0	0	0	0	0	1	0.8961523662947287
427	0	1	0	0	0	0	1	1	0	1	0	0	0	0	0	0	0	0	0	1	1	1	0	0	0	0	0	0	0	1	0.9116378094138772
428	0	1	0	0	0	0	0	1	0	1	0	0	0	0	0	1	0	0	0	1	1	1	0	0	0	0	0	0	0	0	0.9096088239066307
429	0	1	0	0	0	0	1	1	0	0	0	1	0	0	0	0	0	0	0	1	1	1	0	0	0	0	0	0	0	1	0.9062972938309606
430	0	0	0	0	0	0	1	1	0	1	0	0	1	0	1	1	0	0	0	1	1	1	0	0	0	0	0	0	0	0	0.906710273181993
431	0	0	0	1	0	0	1	1	0	0	0	1	0	0	0	0	0	0	0	1	0	1	0	0	0	0	0	0	0	1	0.9147646530716943
432	0	1	0	1	0	0	0	1	0	0	0	1	0	0	0	0	0	0	0	1	1	1	0	0	1	0	0	0	0	1	0.9049403616775682
433	0	0	0	1	0	0	0	1	0	0	0	1	0	0	0	0	0	0	0	1	1	1	0	0	1	0	0	0	0	1	0.9027882518917533
434	0	0	0	1	0	1	1	1	0	0	0	1	0	0	0	0	0	0	0	1	0	1	0	0	0	0	0	0	0	1	0.8993715531614723
435	0	0	0	1	0	1	0	1	0	0	0	0	0	0	0	0	0	0	0	1	1	1	0	0	1	0	0	0	0	1	0.9152084134923688
436	0	0	0	0	0	0	0	1	0	0	0	1	0	0	0	0	0	0	0	1	1	1	0	0	1	0	0	0	0	1	0.9077773502629216
437	0	0	0	0	0	1	0	1	0	0	0	0	0	0	1	0	0	0	0	1	1	1	0	0	1	0	0	0	0	1	0.9010491214569708
438	0	0	0	0	0	1	0	0	0	0	0	1	0	0	0	0	0	0	0	1	1	1	0	0	1	0	0	0	0	1	0.90945491855842
439	0	0	0	1	0	0	0	0	0	0	0	1	0	0	0	0	0	0	0	1	1	1	0	0	1	0	0	0	0	1	0.9095164806977043
440	0	0	1	1	0	0	0	0	0	0	0	1	0	0	0	0	0	0	0	1	1	1	0	0	1	0	0	0	0	1	0.9046505066051045
441	0	0	0	0	0	0	0	0	0	0	1	0	0	0	1	0	0	0	0	1	1	1	0	0	1	0	0	0	0	1	0.9147646530716943
442	1	0	0	0	0	0	0	0	0	0	1	0	0	0	1	0	0	0	0	1	1	1	0	0	1	0	0	0	0	1	0.9081287674746698
443	1	0	0	0	0	0	0	0	0	0	0	0	0	0	1	0	0	0	0	1	1	1	0	0	1	0	0	0	0	1	0.9130563037065539
444	0	0	0	0	0	0	0	0	0	0	0	0	0	0	1	0	0	0	0	1	1	1	0	0	1	0	0	0	0	1	0.9144747979992305
445	0	0	0	0	0	0	0	0	0	0	0	0	0	0	1	0	0	0	0	1	1	1	0	0	1	0	0	0	0	0	0.9316378094138771
446	0	0	0	0	0	1	0	0	0	0	0	1	0	0	0	0	0	0	0	1	1	1	0	0	0	0	0	0	0	1	0.9108426317814544
447	1	0	0	0	0	1	0	0	0	0	0	0	0	0	0	0	0	0	0	1	1	1	0	0	1	0	0	0	0	0	0.9109965371296653
448	1	0	0	0	0	0	0	0	0	0	0	0	0	0	0	0	0	0	0	1	1	1	0	0	1	0	0	0	0	0	0.914061818648198
449	1	0	0	0	0	0	0	0	0	0	0	1	0	0	0	0	0	0	0	1	1	1	0	0	1	0	0	0	0	0	0.9161831473643709
450	1	0	0	0	0	0	0	0	0	0	1	1	0	0	0	0	0	0	0	1	1	1	0	0	1	0	0	0	0	0	0.9042683083237142
451	1	1	0	0	0	1	0	0	0	0	0	0	0	0	1	0	0	0	0	0	1	1	0	0	1	0	0	0	0	0	0.911286392202129
452	0	1	0	0	0	1	0	0	0	0	0	0	0	1	1	0	0	0	0	0	1	1	0	0	1	0	1	0	0	0	0.9064204181095293
453	0	0	0	1	0	0	0	0	0	0	0	1	0	0	0	0	0	0	0	1	1	1	0	0	1	0	1	0	0	0	0.9165345645761191
454	0	0	0	0	0	1	0	0	0	1	0	0	0	1	1	0	0	0	0	0	1	1	0	0	1	0	0	0	0	0	0.9025291778889317
455	0	1	0	0	0	0	0	0	1	1	0	0	0	0	0	0	0	0	0	0	1	1	0	0	1	0	0	0	0	0	0.9142901115813775
456	0	0	0	0	1	1	0	1	0	1	0	0	0	1	1	0	0	0	0	0	1	1	0	0	1	0	0	0	0	0	0.8997845325125046
457	0	0	0	0	1	1	0	0	0	1	0	0	0	0	1	1	0	0	0	0	1	1	0	0	1	0	0	0	0	0	0.9063896370398872
458	0	1	0	0	1	1	0	0	0	1	0	0	0	0	1	1	0	0	0	0	1	1	0	0	1	0	0	0	0	0	0.8979838399384378
459	0	0	0	0	1	1	0	0	0	1	0	0	0	0	1	0	1	0	0	0	1	1	0	0	1	0	0	0	0	0	0.8923226882134153
460	0	0	0	0	1	1	0	1	0	1	0	0	0	0	1	0	1	0	0	0	1	1	0	0	1	0	0	0	0	0	0.8944440169295882
461	0	0	0	0	1	1	0	0	0	1	0	0	0	0	1	0	1	0	0	0	1	1	0	0	1	0	0	0	0	0	0.8993715531614723
462	0	0	0	0	0	1	0	0	0	1	0	0	0	0	1	0	1	0	0	0	1	1	0	0	1	0	0	0	0	0	0.9095472617673463
463	0	0	0	0	0	1	0	0	0	1	0	0	0	0	1	0	1	0	0	0	1	1	0	0	1	0	0	0	0	0	0.9060690008977812
464	0	0	0	0	0	1	0	0	0	1	0	0	0	0	1	0	0	0	0	0	1	1	0	0	1	0	0	0	0	0	0.9109041939207387
465	0	0	0	0	0	1	0	0	0	1	0	0	0	0	1	0	0	1	0	0	1	1	0	0	1	0	0	0	0	0	0.9095164806977043
466	0	1	0	0	0	1	0	0	0	0	0	0	0	0	1	0	0	0	0	0	1	1	0	0	1	0	0	0	0	0	0.907364370911889
467	0	1	0	0	0	0	1	0	0	1	0	0	0	0	1	0	0	0	0	0	1	1	0	0	1	0	0	0	0	0	0.9252609978196743
468	0	1	0	0	0	0	1	0	0	1	0	0	0	0	1	0	0	0	0	0	1	1	0	0	1	0	0	0	0	0	0.9235526484545338
469	0	1	0	0	0	1	0	0	0	0	0	0	1	0	1	0	0	0	0	0	1	1	0	0	0	0	0	0	0	0	0.9021469796075413
470	0	1	0	0	0	1	0	0	0	0	0	0	0	0	1	0	0	0	0	0	1	1	0	0	0	0	0	0	0	0	0.9035346928305759
471	0	0	0	0	1	0	0	0	0	1	0	0	1	0	1	0	0	0	0	0	1	1	1	0	1	0	0	0	0	0	0.9116378094138772
472	0	0	0	1	1	0	0	0	0	1	0	0	1	0	1	0	0	0	0	0	1	1	1	0	1	0	0	0	0	0	0.9032935744517123
473	0	0	0	1	1	0	0	0	0	1	0	0	0	0	1	0	0	0	0	0	1	1	1	0	1	0	0	0	0	0	0.9028805951006796
474	0	0	1	0	0	0	0	0	0	1	0	0	1	0	1	0	0	0	0	1	1	1	0	0	1	0	0	1	0	0	0.8979530588687956
475	0	0	1	0	0	0	0	0	0	1	0	0	0	0	1	0	0	0	0	1	1	1	0	0	1	0	0	1	0	0	0.8976016416570475
476	0	1	0	0	0	1	0	0	0	0	0	0	1	0	1	0	0	0	0	1	1	1	0	0	1	0	0	1	0	0	0.9049403616775684
477	1	1	1	0	0	1	0	0	0	1	0	0	0	0	1	0	0	0	0	1	1	1	0	0	1	0	0	1	0	0	0.8951468513530846
478	0	0	1	0	0	0	0	0	0	1	0	0	0	0	1	0	1	0	0	1	1	1	0	0	1	0	0	1	0	0	0.9031704501731433
479	1	1	0	1	0	0	0	0	0	0	0	0	1	0	1	0	0	0	0	1	1	1	0	0	1	0	0	1	0	0	0.8965961267154033
480	1	0	0	0	1	1	0	0	0	0	0	0	1	0	1	0	0	0	0	0	1	1	0	0	1	0	0	1	0	0	0.8943824547903039
481	0	0	0	0	1	1	0	0	0	0	0	0	1	0	1	0	0	0	0	0	1	1	0	0	1	0	0	1	0	0	0.8992484288829036
482	1	0	1	0	0	0	0	0	0	0	0	0	0	0	1	0	1	0	0	1	1	1	0	0	1	0	0	1	0	0	0.9013697575990766
483	1	0	1	0	1	0	0	0	0	0	0	0	1	0	1	0	0	0	0	0	1	1	0	0	1	0	0	1	0	0	0.8943516737206617
484	0	0	1	0	0	0	0	0	0	0	0	0	1	0	1	0	0	0	0	0	1	1	0	0	1	0	0	1	0	0	0.9112248300628446
485	0	0	0	0	0	0	0	0	0	0	0	0	1	0	1	0	0	0	0	0	1	1	0	0	1	0	0	1	0	0	0.9249403616775684
486	0	1	0	0	0	0	0	0	0	0	0	0	1	0	1	0	0	0	0	0	1	1	0	0	1	0	0	1	0	0	0.9182736950109016
487	0	0	0	1	0	0	0	0	0	0	0	0	1	0	1	0	0	0	0	0	1	1	0	0	1	0	0	1	0	0	0.9165653456457612
488	0	1	0	0	0	0	0	0	0	0	0	0	1	0	1	0	1	0	0	0	1	1	0	0	1	0	0	1	0	0	0.9098063357701679
489	0	0	0	1	0	0	0	1	0	0	0	0	1	0	1	0	0	0	0	0	1	1	0	0	1	0	0	1	0	0	0.9133769398486598
490	0	1	0	1	0	0	0	0	0	0	0	0	0	0	1	0	0	0	1	0	1	1	0	0	1	0	0	1	0	0	0.9168244196485827
491	1	1	0	1	0	0	0	0	0	0	0	0	0	0	1	0	0	0	0	0	1	0	0	0	1	0	0	1	0	0	0.9130255226369116
492	0	1	0	0	0	0	0	0	0	0	0	0	1	0	1	1	0	0	0	0	1	1	0	0	0	0	0	1	0	0	0.916503783506477
493	0	1	0	0	0	0	0	0	0	0	0	0	1	0	0	1	0	0	0	0	1	1	0	0	0	0	0	1	0	0	0.9161523662947287
494	0	0	0	0	0	0	0	0	0	0	0	0	1	0	0	1	0	0	0	0	1	1	0	0	0	0	0	1	0	0	0.9209567782480442
495	0	0	0	0	0	0	0	0	0	0	0	0	1	0	1	1	0	0	0	0	1	1	0	1	0	0	0	1	0	0	0.9182429139412595
496	0	0	0	0	0	0	0	0	0	0	0	0	1	0	0	1	0	0	0	0	1	1	0	0	0	0	1	1	1	0	0.9183044760805439
497	0	1	1	0	1	0	0	0	0	0	0	0	1	0	1	1	0	0	0	0	1	1	0	0	0	0	0	1	0	0	0.9102193151212004
498	0	0	0	0	0	0	0	0	0	0	1	0	0	0	0	1	0	0	0	0	1	1	0	0	0	0	1	1	1	0	0.9077773502629216
499	0	0	1	0	1	0	1	0	0	0	0	0	1	0	1	1	0	0	0	0	1	1	0	0	0	0	0	1	0	0	0.8961523662947287
